Id,Label,timeset,att1,att2,att3,isometric_z_value,splitter_z_value,eigencentrality,degree,weighted degree,Eccentricity,closnesscentrality,harmonicclosnesscentrality,betweenesscentrality,componentnumber,clustering,triangles,modularity_class
1,Acidobacteriota,,91527a04674331cadc2106987c498dbd,Acidobacteriota,M21,0,0,0.000347,1,0.740383,1,1,1,0,0,0,0,8
2,Crenarchaeota,,2f69ac8e8c691012056ab51639a71076,Crenarchaeota,M1,0,0,0.34265,32,25.956863,11,0.232544,0.325921,633.912668,1,0.677419,336,16
3,Planctomycetota,,6bf3fb3f132d34c026f1cfc220395a92,Planctomycetota,M1,0,0,0.049619,4,3.013958,11,0.207568,0.251834,0,1,1,6,16
4,Patescibacteria,,35633d5a9c7b3f9f6f5cec355ce9eda1,Patescibacteria,M3,0,0,0.001194,2,1.497269,12,0.121459,0.138221,0,1,1,1,24
5,Actinobacteriota,,b04113b8b29c400623857204207d2119,Actinobacteriota,M7,0,0,0.010778,3,2.2908,11,0.181951,0.224401,59.609579,1,0.333333,1,6
6,Crenarchaeota,,1c2cdc8745af320386b48e6eb3a6c00d,Crenarchaeota,M2,0,0,0.663964,34,27.108842,9,0.260293,0.354945,1000.212196,1,0.643494,361,14
7,Crenarchaeota,,03b13d1b0e0579f3581f62a591f8a173,Crenarchaeota,M4,0,0,0.00312,3,2.289656,12,0.180805,0.210167,0,1,1,3,29
8,Planctomycetota,,b16246bc2d0a9dceaab1a68b29097add,Planctomycetota,M4,0,0,0.000923,1,0.730687,12,0.166592,0.186571,0,1,0,0,29
9,Proteobacteria,,799930d270c4570fa57280a097f4feb7,Proteobacteria,M2,0,0,0.456714,30,23.77226,10,0.236825,0.330163,1939.320348,1,0.629885,274,14
10,Crenarchaeota,,bb39102d0f542c94ab218b9832ae66bb,Crenarchaeota,M7,0,0,0.002927,4,3.063318,13,0.143241,0.172174,1.666667,1,0.5,3,6
11,Planctomycetota,,d6a0ab0cf3489241b197514473284211,Planctomycetota,M4,0,0,0.01702,9,7.111216,11,0.199465,0.240603,30.566094,1,0.888889,32,29
12,Crenarchaeota,,c2b57adcaa77c6f5382a763dedf893de,Crenarchaeota,M1,0,0,0.258789,24,18.651717,10,0.252368,0.328104,587.686025,1,0.65942,182,16
13,Acidobacteriota,,6cf11f1cc54acc15e0a9c5bb54ef11eb,Acidobacteriota,M2,0,0,0.058704,7,5.345305,11,0.195903,0.250779,120.700744,1,0.666667,14,14
14,Acidobacteriota,,19bed790cbf6e9906fa478685b1267cf,Acidobacteriota,M5,0,0,0.00329,6,4.656245,5,0.385965,0.524242,76.583333,2,0.466667,7,10
15,Chloroflexi,,2d4415160af1bcb86fc109485945b3fc,Chloroflexi,M1,0,0,0.020207,5,3.998182,13,0.166221,0.214737,0.166667,1,0.9,9,16
16,Planctomycetota,,9dde4de9143a4d942f4a994defbb1518,Planctomycetota,M3,0,0,0.001549,2,1.455431,8,0.200862,0.220666,1280.605149,1,0,0,24
17,Proteobacteria,,3954ec2b691434d22b3287f3e936c318,Proteobacteria,M33,0,0,0.000347,1,0.813157,1,1,1,0,3,0,0,0
18,Nanoarchaeota,,0969b73913bcb837f5a1223875557896,Nanoarchaeota,M3,0,0,0.000536,1,0.754091,13,0.108588,0.12096,0,1,0,0,24
19,Proteobacteria,,367133d81c6663052de80d024e879ea4,Proteobacteria,M33,0,0,0.000347,1,0.813157,1,1,1,0,3,0,0,0
20,Actinobacteriota,,28356b162785d6d42083128438acfff5,Actinobacteriota,M1,0,0,0.178506,21,16.390859,9,0.288031,0.358998,872.58138,1,0.561905,118,21
21,Patescibacteria,,1306a1a50780fbdebed9c968b2e99757,Patescibacteria,M5,0,0,0.003198,6,4.739626,6,0.314286,0.478788,24.5,2,0.4,6,10
22,Hadarchaeota,,34f7b4dcd4308f2db02918e5469805da,Hadarchaeota,M1,0,0,0.37285,35,27.995055,10,0.264727,0.357611,3170.045451,1,0.588235,350,16
23,Patescibacteria,,cb10fdd95b4e76ff962728c650f7133d,Patescibacteria,M3,0,0,0.00209,4,3.009278,10,0.157185,0.179532,1919,1,0.166667,1,24
24,Proteobacteria,,c34bdd87c817268d532a0a70aa880434,Proteobacteria,M5,0,0,0.001263,3,2.440199,5,0.333333,0.418182,59,2,0,0,10
25,Acidobacteriota,,ccdf7c7c6105e2352c9d53ba327ffb39,Acidobacteriota,M1,0,0,0.109928,16,12.509809,12,0.195493,0.268118,114.223308,1,0.491667,59,16
26,Crenarchaeota,,2e86cd74b89e10b6968e790f5f04f196,Crenarchaeota,M2,0,0,0.442817,28,22.016271,10,0.233417,0.321989,441.334169,1,0.701058,265,14
27,Asgardarchaeota,,60d583a32e93437d578ee6807650b6b7,Asgardarchaeota,M18,0,0,0.00039,1,0.80174,2,0.666667,0.75,0,4,0,0,18
28,Firmicutes,,7edc1e8b48a3c687875d2b1fae6a5f70,Firmicutes,M6,0,0,0.004371,6,4.836168,11,0.19089,0.22204,657.272683,1,0.6,9,22
29,Iainarchaeota,,d6d9eca1bc3d6f6df0ca7d420f03f7ca,Iainarchaeota,M15,0,0,0.00089,2,1.61995,2,0.75,0.833333,0,5,1,1,35
30,Acidobacteriota,,440a2a75e951ec78633ca2b0099c664d,Acidobacteriota,M26,0,0,0.000347,1,0.750406,1,1,1,0,6,0,0,1
31,Halobacterota,,1c72c84d1b8da4ccaf0dd293646d367e,Halobacterota,M1,0,0,0.064696,8,6.070956,9,0.256181,0.304718,8.124142,1,0.928571,26,21
32,Proteobacteria,,8a155b78daf709320ea9aaa994b1b9c4,Proteobacteria,M2,0,0,0.760754,43,33.731554,9,0.260475,0.364328,1110.33628,1,0.535991,484,14
33,Asgardarchaeota,,874f6dda5d3c28802de3f685c4b20723,Asgardarchaeota,M3,0,0,0.000536,1,0.728575,13,0.108588,0.12096,0,1,0,0,24
34,Crenarchaeota,,090fa54b243e85f77c5bd5720a0fcc91,Crenarchaeota,M2,0,0,0.325757,21,16.007222,9,0.271866,0.344802,545.413313,1,0.595238,125,14
35,Crenarchaeota,,944760973feb9b0d4daa49878ed69834,Crenarchaeota,M2,0,0,0.351065,22,16.86495,10,0.230389,0.309523,413.075277,1,0.74026,171,14
36,Proteobacteria,,bad5ca045c5406e8e871a732a473c057,Proteobacteria,M2,0,0,1,61,49.169861,9,0.26681,0.394266,2086.666023,1,0.421858,772,14
37,Bacteroidota,,e90b1319413c7142d85b2dbfa2818006,Bacteroidota,M4,0,0,0.000399,1,0.741126,14,0.130374,0.142757,0,1,0,0,29
38,Nanoarchaeota,,b780b6a5a77fb160243cb70682b22b92,Nanoarchaeota,M19,0,0,0.000347,1,0.734931,1,1,1,0,7,0,0,11
39,Spirochaetota,,fc211a270609b8f2afb0f064e7848df0,Spirochaetota,M1,0,0,0.058846,9,6.736711,10,0.238034,0.285161,3.51955,1,0.75,27,21
40,Modulibacteria,,09d785955670d9009e8353d5c7ae24a5,Modulibacteria,M3,0,0,0.001656,4,2.951708,9,0.170242,0.187723,1113.333333,1,0,0,24
41,Planctomycetota,,863c43ce5cfe037fe877c0d7aa51f47e,Planctomycetota,M4,0,0,0.018052,12,9.242749,12,0.18548,0.231669,380.920106,1,0.621212,41,29
42,Elusimicrobiota,,b4dc65afc6d162ee8a7188a82d6483aa,Elusimicrobiota,M1,0,0,0.082959,7,5.195593,12,0.191872,0.245553,0,1,1,21,16
43,Asgardarchaeota,,8751e962de138a5d1fa6133f2267b37a,Asgardarchaeota,M1,0,0,0.115494,12,8.859847,11,0.217874,0.280645,113.88562,1,0.590909,39,16
44,Crenarchaeota,,601751b882522aa0f5981d4b58b067dd,Crenarchaeota,M2,0,0,0.219061,16,12.165747,10,0.228135,0.297991,652.367524,1,0.591667,71,14
45,Proteobacteria,,019d02a9a802b5aff7c01ff642386712,Proteobacteria,M1,0,0,0.176965,22,17.042871,9,0.277736,0.348211,1203.694872,1,0.415584,96,21
46,Asgardarchaeota,,9e24eb7a415db9a59586d17d0f49cbea,Asgardarchaeota,M1,0,0,0.263647,34,26.558931,9,0.300806,0.386638,4979.695976,1,0.461676,259,21
47,Asgardarchaeota,,b87595fd0fc5dbf7298b9ca6670ba75c,Asgardarchaeota,M13,0,0,0.000742,2,1.523546,2,0.75,0.833333,2,8,0,0,28
48,Patescibacteria,,a9919313344aca288c3030dc632823b1,Patescibacteria,M2,0,0,0.210177,15,11.33448,10,0.219025,0.294805,951.057729,1,0.52381,55,14
49,Crenarchaeota,,5179960239613d4c220e889075c6773e,Crenarchaeota,M2,0,0,0.427993,22,17.373501,9,0.266049,0.340046,59.307757,1,0.865801,200,14
50,Crenarchaeota,,2ba56e5ede71fa3423538b2f86c70eea,Crenarchaeota,M8,0,0,0.001364,1,0.770895,12,0.162103,0.189229,0,1,0,0,31
51,Proteobacteria,,24b895b95401743e1cf070502d07d21a,Proteobacteria,M2,0,0,0.017568,1,0.774073,11,0.192466,0.234246,0,1,0,0,14
52,Crenarchaeota,,e01428a7976b5a7761e6653e05ed5c9f,Crenarchaeota,M2,0,0,0.028839,6,4.547488,10,0.219412,0.26363,534.750926,1,0.266667,4,14
53,Dadabacteria,,900fd7970e61cb86bc438f8fc92aeb39,Dadabacteria,M2,0,0,0.000937,1,0.792371,12,0.158521,0.180277,0,1,0,0,14
54,Nanoarchaeota,,645e259ca9faaab2eb5b58196d6af305,Nanoarchaeota,M14,0,0,0.000838,2,1.589629,2,0.75,0.833333,0,9,1,1,2
55,Crenarchaeota,,dccbdc1d18841d8ac5995ff494cfa777,Crenarchaeota,M2,0,0,0.770357,41,32.129535,9,0.261388,0.363881,449.995739,1,0.579268,475,14
56,Crenarchaeota,,f0d643ec2f15cee88500c0a220ed0794,Crenarchaeota,M2,0,0,0.460726,24,18.673287,9,0.267001,0.344068,79.060626,1,0.822464,227,14
57,Proteobacteria,,60806fb9699dab85c00ef6b361b9ebc9,Proteobacteria,M4,0,0,0.000767,2,1.497984,13,0.146735,0.161856,372,1,0,0,29
58,Crenarchaeota,,c623d51c0e0eac4586d3c3758b2c6003,Crenarchaeota,M8,0,0,0.004213,3,2.455115,12,0.164245,0.197866,0,1,1,3,31
59,Crenarchaeota,,a68edef56168b9f7994192379dc86d15,Crenarchaeota,M7,0,0,0.004906,3,2.213033,12,0.165778,0.202691,64.674119,1,0.666667,2,6
60,Proteobacteria,,b9a06c9f9e88b36eefbf81321fe76523,Proteobacteria,M10,0,0,0.000483,1,0.744876,2,0.571429,0.625,0,10,0,0,30
61,Proteobacteria,,ef89014b4ced7835c799815033386885,Proteobacteria,M11,0,0,0.000884,2,1.654166,2,0.666667,0.75,0,11,1,1,12
62,Aerophobota,,8de958a1bc9a4b412102dac138c2f301,Aerophobota,M1,0,0,0.008803,2,1.447117,10,0.226198,0.258134,0,1,1,1,21
63,Patescibacteria,,cc228bc450bebf9c2cb9e673795ae580,Patescibacteria,M6,0,0,0.000885,1,0.756222,12,0.160637,0.17865,0,1,0,0,22
64,Aerophobota,,2eadf546d88cd718beb2594a82ba0af2,Aerophobota,M26,0,0,0.000347,1,0.750406,1,1,1,0,6,0,0,1
65,Proteobacteria,,ffdd694ec0a5f51dbfae7b50d05d1545,Proteobacteria,M2,0,0,0.048015,5,3.675624,9,0.236825,0.282904,601.266637,1,0.3,3,14
66,Patescibacteria,,5225f4abf309e22ec2d9464e5fae0de9,Patescibacteria,M6,0,0,0.002273,3,2.268523,11,0.181597,0.205168,0,1,1,3,22
67,Nanoarchaeota,,79518da8c4fb1f65513fc21c8d7970ed,Nanoarchaeota,M31,0,0,0.000347,1,0.789009,1,1,1,0,12,0,0,4
68,Methylomirabilota,,60ca226836fe7830d34506f42039a557,Methylomirabilota,M4,0,0,0.00839,2,1.473208,11,0.20838,0.245052,0,1,1,1,29
69,Chloroflexi,,bb8421d40ad8ab84faf2503cc458634d,Chloroflexi,M1,0,0,0.037664,10,8.294988,12,0.185757,0.244311,338.943392,1,0.622222,28,16
70,Nanoarchaeota,,6d701e21f9fbe3c02777f1c8e8d4bd73,Nanoarchaeota,M16,0,0,0.00039,1,0.764095,2,0.666667,0.75,0,13,0,0,15
71,Thermoplasmatota,,f622554cbfaef92dae72a49e7e28659b,Thermoplasmatota,M1,0,0,0.012177,1,0.766334,12,0.183563,0.224842,0,1,0,0,16
72,Crenarchaeota,,7c42cf335f94df153a090e8898ac6585,Crenarchaeota,M1,0,0,0.361237,35,27.986103,10,0.256887,0.346823,1668.720786,1,0.557983,332,16
73,Nanoarchaeota,,0b7d8619e0bcc5257f38ffeb18e6639d,Nanoarchaeota,M29,0,0,0.000347,1,0.772032,1,1,1,0,14,0,0,13
74,Chloroflexi,,d59796aea6babde62fe0f7e9c5ed1b76,Chloroflexi,M8,0,0,0.002017,2,1.448124,12,0.162174,0.19057,0,1,1,1,31
75,Planctomycetota,,4ef0d6595512813bf26c8ea54ccdb940,Planctomycetota,M1,0,0,0.097628,9,6.922293,10,0.246367,0.299906,20.32655,1,0.861111,31,21
76,Crenarchaeota,,2549c5512a120e6980241d0be6109f16,Crenarchaeota,M2,0,0,0.454287,26,20.24005,9,0.25271,0.333899,413.259361,1,0.667692,217,14
77,Patescibacteria,,916c8634e745e751396bae53e2bfb00d,Patescibacteria,M5,0,0,0.003525,7,5.377053,6,0.318841,0.501515,33.916667,2,0.333333,7,10
78,Planctomycetota,,8df95cc54483dc93e31a1e51183757a8,Planctomycetota,M4,0,0,0.045537,18,13.777016,10,0.245072,0.306851,2136.753307,1,0.431373,66,29
79,Desulfobacterota,,8e9ff245f6feab82c2ab4c735e2e4736,Desulfobacterota,M1,0,0,0.064463,11,8.301847,10,0.24653,0.299102,19.302439,1,0.690909,38,21
80,Crenarchaeota,,fbd3145177d2f24da58b33e53afbd77e,Crenarchaeota,M2,0,0,0.068687,7,5.342217,11,0.195595,0.25136,7.891858,1,0.666667,14,14
81,Nanoarchaeota,,b0e3835cdef4bdd0f5924b80ed0a8955,Nanoarchaeota,M1,0,0,0.081605,10,7.609183,12,0.194372,0.258064,70.612911,1,0.644444,29,16
82,Chloroflexi,,35a2ea8334106b0e996143fe206734e5,Chloroflexi,M3,0,0,0.00084,2,1.491686,10,0.145646,0.157134,372,1,0,0,24
83,Chloroflexi,,79f7c24b7693b7d925785b1f37344ed0,Chloroflexi,M1,0,0,0.039955,9,7.342242,12,0.18204,0.239084,362.066481,1,0.5,18,16
84,Crenarchaeota,,4c5c9bcb0cef5efd449afea3201d05a8,Crenarchaeota,M10,0,0,0.001513,4,3.113675,1,1,1,5,10,0.166667,1,30
85,Proteobacteria,,647a203410fd0b491c03b06c40204592,Proteobacteria,M36,0,0,0.007053,2,1.448113,11,0.187343,0.219724,372,1,0,0,5
86,Acidobacteriota,,3e553f987ab03451ee26ed8ca01226f5,Acidobacteriota,M2,0,0,0.001833,1,0.721446,10,0.191577,0.21399,0,1,0,0,14
87,Caldatribacteriota,,011cab9bea00fab500cac0ca9f5932fc,Caldatribacteriota,M1,0,0,0.01777,11,8.978935,13,0.159811,0.212103,68.560266,1,0.527273,29,16
88,Patescibacteria,,9f3c438b78d3602d0951e1d041004900,Patescibacteria,M32,0,0,0.000347,1,0.80108,1,1,1,0,15,0,0,7
89,Planctomycetota,,db6fb3b239bd1dff9df896d3b5be5c31,Planctomycetota,M27,0,0,0.000347,1,0.75837,1,1,1,0,16,0,0,3
90,Nanoarchaeota,,2f4b35b3608d1d675c740a82e53a8678,Nanoarchaeota,M2,0,0,0.011301,2,1.538491,10,0.200753,0.233354,0,1,1,1,14
91,Asgardarchaeota,,33ad167f9c36949b622d19fbe4e208c6,Asgardarchaeota,M3,0,0,0.0007,1,0.739022,11,0.137183,0.153611,0,1,0,0,24
92,Planctomycetota,,3b6144e60e6b3fb6913de8020ac08784,Planctomycetota,M4,0,0,0.025631,15,11.668695,11,0.200646,0.250433,122.529836,1,0.638095,67,29
93,Proteobacteria,,b640bac961cdf2f58239f2def2404a2e,Proteobacteria,M5,0,0,0.000446,1,0.890236,6,0.252874,0.3,0,2,0,0,10
94,Thermoplasmatota,,1726c83dcc23bb1eca37ce4b6868c264,Thermoplasmatota,M1,0,0,0.194844,17,13.18655,11,0.213265,0.281638,12.019184,1,0.889706,121,16
95,Patescibacteria,,84303e439360fbb2f13091d9ce3e725b,Patescibacteria,M13,0,0,0.000393,1,0.751705,3,0.5,0.611111,0,8,0,0,28
96,Asgardarchaeota,,be5f6784ef1c13aacfab8b5ca8e583e3,Asgardarchaeota,M1,0,0,0.136706,21,16.190766,9,0.278774,0.344521,198.379465,1,0.633333,133,21
97,Crenarchaeota,,0ddcd056b7f296770487920a01cb7f8c,Crenarchaeota,M1,0,0,0.220288,33,26.295054,9,0.30449,0.391438,6470.373298,1,0.441288,233,21
98,Proteobacteria,,430d9115ca79bad01227bcc9c7694cf1,Proteobacteria,M6,0,0,0.002965,5,4.088714,12,0.160776,0.183118,185.5,1,0.7,7,22
99,Planctomycetota,,7b0d328eb2b6f2dba66f1d2e35530a4c,Planctomycetota,M4,0,0,0.007586,3,2.167593,11,0.198933,0.232783,0,1,1,3,29
100,Asgardarchaeota,,ca00b1966676da712854d59b325a8883,Asgardarchaeota,M23,0,0,0.000347,1,0.743949,1,1,1,0,17,0,0,9
101,Patescibacteria,,45cc2f6d0eb94f541d11c882ad3a00c7,Patescibacteria,M3,0,0,0.000498,1,0.730933,13,0.108493,0.120539,0,1,0,0,24
102,Aerophobota,,56f231589efa7fbdf8e7f0b0ca8d7a64,Aerophobota,M1,0,0,0.003248,2,1.603069,13,0.154708,0.187282,0,1,1,1,16
103,Crenarchaeota,,3e4b3087cab0f96c15fc5ba4d1901d23,Crenarchaeota,M1,0,0,0.249864,24,18.378927,11,0.229115,0.309612,878.118203,1,0.623188,172,16
104,Chloroflexi,,40a9ed64cac397b2edbfe239e18af393,Chloroflexi,M1,0,0,0.052996,9,6.826743,9,0.248833,0.294109,13.2036,1,0.638889,23,21
105,Nanoarchaeota,,a04961927d939364657c46adc10b58a6,Nanoarchaeota,M14,0,0,0.000439,1,0.834682,2,0.6,0.666667,0,9,0,0,2
106,Acidobacteriota,,f4a850af2c71102847a736707e0afeaf,Acidobacteriota,M7,0,0,0.000994,2,1.492057,14,0.125462,0.144478,0,1,1,1,6
107,Actinobacteriota,,5c250552e111307950b6241236e191f7,Actinobacteriota,M4,0,0,0.016051,8,6.199665,11,0.199359,0.239262,6.501896,1,0.964286,27,29
108,Firmicutes,,6f2d2cfc4740062335b7ac02547a61c3,Firmicutes,M6,0,0,0.002965,5,3.907876,12,0.160776,0.183118,185.5,1,0.7,7,22
109,Hydrothermarchaeota,,6954776b889693b8d1a3d596c679fbec,Hydrothermarchaeota,M3,0,0,0.001192,2,1.512969,11,0.13774,0.15799,1092,1,0,0,24
110,Nanoarchaeota,,d047403aa45210a5442c0b27bfc366dc,Nanoarchaeota,M3,0,0,0.00105,2,1.492618,11,0.137284,0.155398,372,1,0,0,24
111,Proteobacteria,,cf4763c55c1a16c0e05bae743491e114,Proteobacteria,M14,0,0,0.000838,2,1.587179,2,0.75,0.833333,0,9,1,1,2
112,Planctomycetota,,a386f15998db84fa427018552a3e3608,Planctomycetota,M20,0,0,0.000347,1,0.736099,1,1,1,0,18,0,0,33
113,Nanoarchaeota,,d580c33de9c90a2faebc80e82a78eae7,Nanoarchaeota,M3,0,0,0.000886,2,1.503367,13,0.108651,0.122748,372,1,0,0,24
114,Chloroflexi,,b018a87a9a7399551d346a1d2f8ce433,Chloroflexi,M1,0,0,0.243431,24,18.672926,11,0.228694,0.308048,75.755473,1,0.601449,166,16
115,Planctomycetota,,9c8dad162e6832b36eb05d2f48e7b919,Planctomycetota,M36,0,0,0.000566,1,0.723949,12,0.15785,0.176386,0,1,0,0,5
116,Crenarchaeota,,b1962df02939a943eb4f8ea8ce240bba,Crenarchaeota,M8,0,0,0.004213,3,2.342101,12,0.164245,0.197866,0,1,1,3,31
117,Acidobacteriota,,eba744405375bed49da98a4ca6703577,Acidobacteriota,M4,0,0,0.001186,2,1.517896,12,0.171573,0.193446,372,1,0,0,29
118,Crenarchaeota,,e417b94fd8c9d46612642b9f19b09de3,Crenarchaeota,M1,0,0,0.122946,18,13.980579,8,0.294629,0.358301,5336.998685,1,0.542484,83,21
119,Proteobacteria,,076ce393a9a6876b78556c8600186fe9,Proteobacteria,M10,0,0,0.000884,2,1.626742,2,0.666667,0.75,0,10,1,1,30
120,Crenarchaeota,,7a77a40396ff6b783c2d447bbae8a9b7,Crenarchaeota,M3,0,0,0.016521,9,6.953816,8,0.243155,0.283464,4266.41724,1,0.305556,11,24
121,Chloroflexi,,ea9e0c3f45e858b69829011cab8983ea,Chloroflexi,M3,0,0,0.00118,2,1.560291,12,0.121459,0.138221,0,1,1,1,24
122,Crenarchaeota,,aab755386cd9897e2efa54e6a0db3e22,Crenarchaeota,M2,0,0,0.569379,35,27.376025,10,0.238186,0.338876,2668.774721,1,0.589916,351,14
123,Proteobacteria,,0734eaebf0f1fafc7e75bd9f165fdc89,Proteobacteria,M9,0,0,0.000939,2,1.551785,3,0.545455,0.638889,0,19,1,1,32
124,Crenarchaeota,,5509bb9854731b68f689ff1c1263d154,Crenarchaeota,M2,0,0,0.05239,4,2.990671,10,0.219154,0.265242,3.951239,1,0.666667,4,14
125,Desulfobacterota,,67549fee9678c1f21d524e88e49b310b,Desulfobacterota,M6,0,0,0.008103,7,5.429447,10,0.22058,0.259149,1063.79697,1,0.47619,10,22
126,Proteobacteria,,55bada477a8f2e1b861e0f8c40ec0237,Proteobacteria,M7,0,0,0.000474,1,0.753635,14,0.125336,0.142244,0,1,0,0,6
127,Chloroflexi,,e06b77ed481b7dc2246120a082d7fed5,Chloroflexi,M1,0,0,0.068035,8,6.075593,12,0.192964,0.250691,53.337962,1,0.678571,19,16
128,Crenarchaeota,,bab5e8e614b21d8d2d4700a0b79fe3cc,Crenarchaeota,M1,0,0,0.00789,2,1.467497,9,0.22497,0.255344,4.459558,1,0,0,21
129,Proteobacteria,,2567727497e46c18215353cd40cebd3b,Proteobacteria,M7,0,0,0.001474,3,2.232241,14,0.125632,0.146936,2.833333,1,0.333333,1,6
130,Proteobacteria,,d60cf77dd3d084e5a87f1d289ae68bfd,Proteobacteria,M6,0,0,0.002652,3,2.333889,11,0.190209,0.216455,0,1,1,3,22
131,Proteobacteria,,0dafd2dbd56757af45504be4b5ed59c9,Proteobacteria,M11,0,0,0.000442,1,0.821529,3,0.5,0.583333,0,11,0,0,12
132,Desulfobacterota,,2946c7956af99f4bc43c8d707dda9040,Desulfobacterota,M3,0,0,0.004223,3,2.240782,8,0.218768,0.246464,3.257246,1,0.666667,2,24
133,Patescibacteria,,52a50c2f22ddcfe6a2b6b1108acb14fa,Patescibacteria,M5,0,0,0.003095,5,4.369948,6,0.275,0.429545,0.5,2,0.9,9,10
134,Crenarchaeota,,98aaa7c825d54ebde733ef5c64f0e25b,Crenarchaeota,M2,0,0,0.328398,19,14.708325,9,0.270486,0.340334,253.34848,1,0.789474,135,14
135,Proteobacteria,,37e59e1e0d83828e55fc020aec17ea1b,Proteobacteria,M2,0,0,0.606473,37,29.158023,10,0.236375,0.337133,800.654048,1,0.557057,371,14
136,Proteobacteria,,848af2a15797ab6d5757ded6ec50a6f6,Proteobacteria,M4,0,0,0.001229,2,1.48195,12,0.171731,0.194116,742,1,0,0,29
137,Caldatribacteriota,,8fb482d232fb616cd4750cef09a4d4e7,Caldatribacteriota,M1,0,0,0.227349,32,25.030193,12,0.198088,0.29305,1970.522937,1,0.399194,198,16
138,Gemmatimonadota,,ce1c4ce0019b13d98092a42e136b13e2,Gemmatimonadota,M4,0,0,0.027805,12,9.098768,11,0.219929,0.27527,281.146894,1,0.666667,44,29
139,Crenarchaeota,,c95690f94ca649c87b06e29f047006a4,Crenarchaeota,M4,0,0,0.01837,10,7.39734,11,0.199786,0.242614,35.573777,1,0.8,36,29
140,Chloroflexi,,f0b79616737071a708d112a49958a6ba,Chloroflexi,M2,0,0,0.845213,48,38.144153,9,0.263232,0.374382,922.099221,1,0.507979,573,14
141,Nanoarchaeota,,247c6967f0313f2a335d9f646ae8d153,Nanoarchaeota,M2,0,0,0.304557,18,13.701901,10,0.228975,0.302236,227.598512,1,0.660131,101,14
142,Nanoarchaeota,,f4989a09d2487b78c6cfe6d280407eaf,Nanoarchaeota,M5,0,0,0.00129,2,1.474426,7,0.25,0.353463,0,2,1,1,10
143,Patescibacteria,,f7ee86ef8695ed49e7d370c71c1e681f,Patescibacteria,M3,0,0,0.001788,3,2.343667,9,0.180368,0.200244,1.833333,1,0.666667,2,24
144,Chloroflexi,,42316863efb4bb394dc5c0c90c7a1cae,Chloroflexi,M2,0,0,0.166261,11,8.158869,9,0.247676,0.30776,256.956621,1,0.654545,36,14
145,Planctomycetota,,3d19e68819555a52281a8555b3572c26,Planctomycetota,M4,0,0,0.001779,2,1.455804,12,0.166741,0.18968,372,1,0,0,29
146,Crenarchaeota,,5688500f9315a5827d7dcf2257a689cf,Crenarchaeota,M2,0,0,0.896526,51,41.023201,9,0.264352,0.379744,802.399163,1,0.498824,636,14
147,Crenarchaeota,,560e576f4a42a658474ad1659087775e,Crenarchaeota,M2,0,0,0.010983,1,0.73166,11,0.187343,0.22203,0,1,0,0,14
148,Chloroflexi,,669bc96d867d3c409e47f7a913e19568,Chloroflexi,M1,0,0,0.020205,3,2.253247,9,0.239256,0.274008,0,1,1,3,21
149,Planctomycetota,,ef14edb8cfcc8dc9e8b6919ae84196e9,Planctomycetota,M4,0,0,0.032668,19,15.114356,11,0.2129,0.275347,2156.905672,1,0.438596,75,29
150,Asgardarchaeota,,531ea7eacfe90913bd1999b9a16a3946,Asgardarchaeota,M3,0,0,0.000498,1,0.741459,13,0.108493,0.120539,0,1,0,0,24
151,Aerophobota,,c13a988745437b68480dde4e34e2973a,Aerophobota,M1,0,0,0.227422,27,20.73777,11,0.217366,0.303532,1524.361656,1,0.490028,172,16
152,Chloroflexi,,a794fc905489df501a52d8ca4d501c96,Chloroflexi,M1,0,0,0.049936,12,9.642675,12,0.1865,0.24945,381.292553,1,0.545455,36,16
153,Aerophobota,,444e11c811575b4e83e99b7a40c62ac6,Aerophobota,M1,0,0,0.00107,1,0.759183,13,0.155741,0.180452,0,1,0,0,16
154,Crenarchaeota,,7dacb10e74eed36b36658770fdf4f9fb,Crenarchaeota,M2,0,0,0.289371,16,12.270071,10,0.218768,0.295029,72.256963,1,0.733333,88,14
155,Desulfobacterota,,c71fe85f63a96e9d3cb74e537b2b33f2,Desulfobacterota,M1,0,0,0.39671,39,30.986617,10,0.258848,0.354866,2762.628826,1,0.535762,397,16
156,Proteobacteria,,6b91ba68e09d746d475d5e046470f0e3,Proteobacteria,M4,0,0,0.027218,6,4.485513,10,0.240026,0.284465,0,1,1,15,21
157,Crenarchaeota,,fffb6cd031ffef3b75f4838f0863db0b,Crenarchaeota,M2,0,0,0.002554,1,0.722533,11,0.19851,0.222366,0,1,0,0,21
158,Patescibacteria,,ed694bf0012d08b3d83602c4282fa64b,Patescibacteria,M12,0,0,0.000523,1,0.732908,11,0.164825,0.178496,0,1,0,0,27
159,Chloroflexi,,6192f360cc32c076e06a16adc526f4f2,Chloroflexi,M1,0,0,0.100316,10,7.50624,11,0.228554,0.293973,202.787821,1,0.533333,24,16
160,Nanoarchaeota,,5d6e017c287a83f93da4d9e64eafc25f,Nanoarchaeota,M15,0,0,0.00089,2,1.515357,2,0.75,0.833333,0,5,1,1,35
161,Crenarchaeota,,df3a93293cdafb83316620d7f6e3b4f1,Crenarchaeota,M28,0,0,0.000347,1,0.763964,1,1,1,0,20,0,0,23
162,Planctomycetota,,03ab112b2863b279213b4d9ef887d65c,Planctomycetota,M4,0,0,0.034528,10,7.688487,10,0.242523,0.293089,105.37354,1,0.711111,32,29
163,Crenarchaeota,,5f49278b671e18401a5df19dcdf098f9,Crenarchaeota,M1,0,0,0.264173,32,25.442672,10,0.271076,0.359577,1234.096908,1,0.481855,239,21
164,Proteobacteria,,1116508063ed17034ea58680ad6ffa88,Proteobacteria,M1,0,0,0.207925,32,25.028914,9,0.298161,0.383887,7969.474485,1,0.33871,168,21
165,Crenarchaeota,,1512d7068971c43ebf6af548aeb37c81,Crenarchaeota,M2,0,0,0.685369,36,27.757486,9,0.27029,0.362388,398.53646,1,0.646032,407,14
166,Crenarchaeota,,e6904f9fcb1932801e87403f79794891,Crenarchaeota,M27,0,0,0.000347,1,0.75837,1,1,1,0,16,0,0,3
167,Actinobacteriota,,4d7b299e649bda8829bc6ea0af949dac,Actinobacteriota,M4,0,0,0.022794,14,10.719634,11,0.200107,0.247752,96.693741,1,0.626374,57,29
168,Crenarchaeota,,2a38855ee629ffeb4ac8cb985b88762c,Crenarchaeota,M1,0,0,0.336877,31,24.637613,11,0.223353,0.314336,246.111341,1,0.711828,331,16
169,Patescibacteria,,0e8785e07b5204d7d13f4a23c98e3a1a,Patescibacteria,M5,0,0,0.003912,7,5.880468,5,0.34375,0.513636,48,2,0.52381,11,10
170,Nitrospirota,,aaed3f4519a7cd676c0d48e3d1a44019,Nitrospirota,M31,0,0,0.000347,1,0.789009,1,1,1,0,12,0,0,4
171,Thermoplasmatota,,5e38e9bc5b5f78cffe99fef5e369a1a8,Thermoplasmatota,M3,0,0,0.007353,2,1.538657,8,0.230247,0.259805,0,1,1,1,24
172,Crenarchaeota,,d04b66277553d8b400b5081c871e18bb,Crenarchaeota,M2,0,0,0.213652,11,8.211963,10,0.230105,0.296115,745.548548,1,0.727273,40,14
173,Crenarchaeota,,f5f1b222a935284170147e7be0620df7,Crenarchaeota,M2,0,0,0.200982,14,10.68414,11,0.197878,0.265077,9.778271,1,0.912088,83,14
174,Desulfobacterota,,7368c461d5ba8879e2aeb6254d081268,Desulfobacterota,M1,0,0,0.001787,1,0.720737,14,0.139283,0.169863,0,1,0,0,16
175,Nanoarchaeota,,b6eab81e0d5bf510d3dcf37ad3aa5714,Nanoarchaeota,M15,0,0,0.001248,3,2.396631,1,1,1,0.5,5,0.666667,2,35
176,Proteobacteria,,8c43312d31267e68264bd38856ea0cef,Proteobacteria,M30,0,0,0.000347,1,0.784918,1,1,1,0,21,0,0,25
177,Crenarchaeota,,5219ed57718a848f18ab18e57d01cea2,Crenarchaeota,M2,0,0,0.30084,17,12.748902,10,0.232399,0.304081,37.011245,1,0.661765,90,14
178,Proteobacteria,,f618d85097b4cd27987d1c86bf01d596,Proteobacteria,M2,0,0,0.193751,18,14.05915,11,0.198721,0.272227,61.362591,1,0.640523,98,14
179,Patescibacteria,,8e7ee74c557559cb78299467321254ba,Patescibacteria,M5,0,0,0.000585,1,0.744601,7,0.217822,0.291883,0,2,0,0,10
180,Asgardarchaeota,,2ecf706afb85fa824e955d91fcd5f16a,Asgardarchaeota,M3,0,0,0.000399,1,0.742333,11,0.127174,0.134551,0,1,0,0,24
181,Crenarchaeota,,75c7fec5584f99f9f8dcf26edc11fce7,Crenarchaeota,M2,0,0,0.698611,41,32.518291,10,0.23758,0.344059,364.161947,1,0.570732,468,14
182,Planctomycetota,,f3648de7cc5a5ecccca9a86453d6904d,Planctomycetota,M1,0,0,0.017031,4,2.947741,10,0.234296,0.275548,1597.471427,1,0.5,3,21
183,Planctomycetota,,bfb7f7f9b28603df59d2df5dbfbf4dd1,Planctomycetota,M1,0,0,0.095701,9,6.702887,11,0.211212,0.267116,18.034115,1,0.75,27,16
184,Thermoplasmatota,,e5268a2f7773db6cdc94ccff54b2f647,Thermoplasmatota,M32,0,0,0.000347,1,0.80108,1,1,1,0,15,0,0,7
185,Crenarchaeota,,5fa3f51ac52d923e1384f2e05cda62eb,Crenarchaeota,M1,0,0,0.111644,15,11.437682,9,0.277117,0.335584,28.382378,1,0.828571,87,21
186,Proteobacteria,,72bab3a952346a307af9df35eec933a9,Proteobacteria,M3,0,0,0.053959,4,2.952518,8,0.252027,0.299844,1102.604624,1,0.333333,2,24
187,Crenarchaeota,,dde3683b54d52abb82bf9a1e0cdee2b6,Crenarchaeota,M2,0,0,0.163335,10,7.542095,10,0.22565,0.28602,6.371018,1,0.777778,35,14
188,Patescibacteria,,ca79e591b19f6a68e42f6cacb40ccd11,Patescibacteria,M3,0,0,0.005703,7,5.238878,8,0.219154,0.252834,10008.272455,1,0.333333,7,24
189,Aerophobota,,aef0c7974d70fbb9de314ad130b4c1cb,Aerophobota,M1,0,0,0.017734,11,8.745823,13,0.160915,0.215126,77.846555,1,0.436364,24,16
190,Patescibacteria,,d0ea88f1c939c2a98d51e0497fdc62b6,Patescibacteria,M17,0,0,0.00039,1,0.820351,2,0.666667,0.75,0,22,0,0,19
191,Nanoarchaeota,,70f77649f6623d6ab759a9f6fc919e3e,Nanoarchaeota,M5,0,0,0.002247,4,3.059418,5,0.366667,0.471212,23.666667,2,0.5,3,10
192,Desulfobacterota,,fb725a018458963ac9fa4749606c0970,Desulfobacterota,M4,0,0,0.001436,1,0.740802,13,0.156525,0.17933,0,1,0,0,29
193,Caldatribacteriota,,2b829140964059a1a845e16435a5963d,Caldatribacteriota,M24,0,0,0.000347,1,0.746076,1,1,1,0,23,0,0,17
194,Crenarchaeota,,e89e0853799e9ab476dca71bf9e65690,Crenarchaeota,M2,0,0,0.624913,34,25.814219,9,0.270682,0.361271,1629.314747,1,0.568627,319,14
195,Patescibacteria,,d7630626f437b5a2739b8b69128a156c,Patescibacteria,M21,0,0,0.000347,1,0.740383,1,1,1,0,0,0,0,8
196,Aerophobota,,71dd3336a1c58cad40696a26ae08cde3,Aerophobota,M1,0,0,0.025808,16,12.883994,13,0.161752,0.224107,490.962871,1,0.366667,44,16
197,Crenarchaeota,,05bfe1650dcb1c6981f762ac42694276,Crenarchaeota,M2,0,0,0.408117,30,23.619874,10,0.222156,0.317549,783.647957,1,0.588506,256,14
198,NB1-j,,c3a12b67db7710e08fcada56c7637e9b,NB1-j,M9,0,0,0.001251,3,2.294287,3,0.6,0.722222,5,19,0.333333,1,32
199,Crenarchaeota,,fe9f04a1b52a6fdf53ed509633249d31,Crenarchaeota,M2,0,0,0.066223,4,2.982146,10,0.22176,0.268501,0.204104,1,0.666667,4,14
200,Thermoplasmatota,,3aecaa8ec143f4b062e6fef8e6d4870a,Thermoplasmatota,M1,0,0,0.324006,29,22.638682,11,0.231103,0.319442,192.774797,1,0.736453,299,16
201,Crenarchaeota,,01ea7039d3bef12a27c0ed6bb324e610,Crenarchaeota,M2,0,0,0.506797,27,20.897869,9,0.251687,0.332559,44.428015,1,0.749288,263,14
202,Nitrospirota,,78046c7ad4ad523797f0aa3fad86ee33,Nitrospirota,M8,0,0,0.053954,12,9.058415,11,0.195903,0.257392,1419.834999,1,0.257576,17,31
203,Asgardarchaeota,,51f1b2ebc2c266e9dbce1d15bda82bcc,Asgardarchaeota,M3,0,0,0.002235,2,1.551879,8,0.202938,0.223123,0,1,1,1,24
204,Hydrothermarchaeota,,dca5a522823934f6d09230e5de6f3384,Hydrothermarchaeota,M10,0,0,0.000483,1,0.744604,2,0.571429,0.625,0,10,0,0,30
205,Nanoarchaeota,,35d06b102f7410ddc93ad09dcc0eee21,Nanoarchaeota,M23,0,0,0.000347,1,0.743949,1,1,1,0,17,0,0,9
206,Crenarchaeota,,f37a663f30c65c17d30f8b6cb699b52a,Crenarchaeota,M2,0,0,0.18856,11,8.387115,10,0.226472,0.288385,0.563251,1,0.945455,52,14
207,Desulfobacterota,,832412ea1e5355cc63ba9c96f51cee83,Desulfobacterota,M4,0,0,0.003904,2,1.599689,12,0.175695,0.205262,0,1,1,1,29
208,Proteobacteria,,5570716677a89020deeeb30943202fb8,Proteobacteria,M2,0,0,0.773189,42,32.713302,9,0.261571,0.365445,1304.998096,1,0.590012,508,14
209,Actinobacteriota,,7b3f2d0fe940a7274e4a10e684f722a7,Actinobacteriota,M7,0,0,0.002685,4,3.06449,13,0.143296,0.172621,613.166667,1,0.333333,2,6
210,Firmicutes,,aed13b63842fab9f03472e6ca81f64a9,Firmicutes,M6,0,0,0.001171,2,1.514722,13,0.13861,0.152526,0,1,1,1,22
211,Planctomycetota,,67a13b1194c1b56abd03ebecb9bed511,Planctomycetota,M4,0,0,0.018569,11,8.505522,11,0.199786,0.243731,772.891094,1,0.709091,39,29
212,Patescibacteria,,b91a246fd126d7a7aa93834b709e2cc8,Patescibacteria,M13,0,0,0.000393,1,0.763806,3,0.5,0.611111,0,8,0,0,28
213,Crenarchaeota,,826a16cc740a5449fbf4e1c87516d9f0,Crenarchaeota,M2,0,0,0.532564,33,26.092251,10,0.233709,0.328736,258.338828,1,0.613636,324,14
214,Patescibacteria,,f21bd65dced61f4db37b0c66f581b1d1,Patescibacteria,M3,0,0,0.000411,1,0.743216,12,0.120751,0.13201,0,1,0,0,24
215,Methylomirabilota,,d62ab321b324b106e11961e79384f974,Methylomirabilota,M1,0,0,0.137035,22,17.006454,10,0.260839,0.33737,4430.467145,1,0.428571,99,21
216,Asgardarchaeota,,cbcdb4e55f0caea3e81a254eb92d8425,Asgardarchaeota,M1,0,0,0.084213,12,9.118619,9,0.252197,0.303091,22.162826,1,0.787879,52,21
217,Nitrospinota,,aadfe5d6e146124decb4b731be963c56,Nitrospinota,M2,0,0,0.854056,48,38.152125,9,0.275074,0.383165,1421.450164,1,0.528369,596,14
218,Asgardarchaeota,,b5edcefd9280528ee377cb70dea8a6a7,Asgardarchaeota,M1,0,0,0.081507,9,6.867203,9,0.269899,0.325001,9.583138,1,0.944444,34,21
219,Caldatribacteriota,,0891745100938646881ac9ef7c6e4382,Caldatribacteriota,M1,0,0,0.338679,37,29.83578,11,0.224699,0.323719,1837.15055,1,0.518018,345,16
220,Planctomycetota,,78305c3f5955043aba7de952c78859c9,Planctomycetota,M1,0,0,0.184696,28,21.998767,9,0.29232,0.368918,1002.124411,1,0.526455,199,21
221,Crenarchaeota,,661fb98aef87b6af4ee1141ebab047bd,Crenarchaeota,M2,0,0,0.43414,20,15.431231,9,0.251517,0.325633,22.284567,1,0.915789,174,14
222,Acidobacteriota,,8d20835e20ebe12cb3a6c27450b7bdf9,Acidobacteriota,M2,0,0,0.323955,15,11.243791,9,0.263977,0.328876,51.029141,1,0.828571,87,14
223,Chloroflexi,,8e86728a65f7d63ff2bef10522c9876d,Chloroflexi,M1,0,0,0.229531,24,18.630799,11,0.222024,0.304774,1498.321951,1,0.576087,159,16
224,Spirochaetota,,5287c8041eced469fde54998dc98d391,Spirochaetota,M1,0,0,0.103983,11,8.308034,10,0.245556,0.300577,17.66262,1,0.836364,46,21
225,Proteobacteria,,2fc5b9882c68722bdc9d2b21d26e0711,Proteobacteria,M8,0,0,0.00265,2,1.46969,12,0.164028,0.195631,372,1,0,0,31
226,Planctomycetota,,5e89ee815c20882c6ea1e4fe3d70b8ea,Planctomycetota,M9,0,0,0.000445,1,0.772825,4,0.4,0.486111,0,19,0,0,32
227,Chloroflexi,,6aed875f65dd83949334a61669c0f0f9,Chloroflexi,M3,0,0,0.001708,3,2.238594,9,0.180717,0.201808,191.728184,1,0.333333,1,24
228,Proteobacteria,,8084e1cd2296dd2ee6ee18c3c0143e61,Proteobacteria,M4,0,0,0.006681,6,4.46642,11,0.199572,0.236805,398.191171,1,0.466667,7,29
229,NB1-j,,40d7d991282825d964bf7d09ddc0f18e,NB1-j,M4,0,0,0.000836,1,0.729492,12,0.171415,0.191659,0,1,0,0,29
230,Proteobacteria,,5d5dd90c2ed992042ae2d57727f77726,Proteobacteria,M6,0,0,0.003482,4,3.011744,11,0.190403,0.218242,0,1,1,6,22
231,Planctomycetota,,8c6de1e97684d3ace8c9069dd6fd6fb0,Planctomycetota,M37,0,0,0.000347,1,0.725949,1,1,1,0,24,0,0,20
232,Patescibacteria,,2d088686841e674cb40c6979529f8456,Patescibacteria,M1,0,0,0.008908,1,0.748604,12,0.1865,0.221781,0,1,0,0,16
233,Nitrospinota,,1d6be46c2e2d387bd12b1bafea72e503,Nitrospinota,M4,0,0,0.000415,1,0.752139,13,0.146504,0.159711,0,1,0,0,29
234,Proteobacteria,,1c9f92882fe5e7e846593a1e2dbcd5b1,Proteobacteria,M2,0,0,0.871753,48,37.770315,9,0.27753,0.385087,3070.069802,1,0.537234,606,14
235,Proteobacteria,,d310b3627f449a4d460d65facd96f999,Proteobacteria,M6,0,0,0.004371,6,4.699112,11,0.19089,0.22204,657.272683,1,0.6,9,22
236,Proteobacteria,,fed7c4fc2f93c7b17d09a50e9a757cc7,Proteobacteria,M6,0,0,0.012826,8,6.130286,10,0.233856,0.280284,3646.430173,1,0.392857,11,22
237,Aerophobota,,c87a3f459c63e3f74401c9a686b64d33,Aerophobota,M1,0,0,0.124209,17,13.421895,12,0.196316,0.27205,233.943266,1,0.566176,77,16
238,Crenarchaeota,,937db06ca2beab5233de14c5e1bde264,Crenarchaeota,M2,0,0,0.015203,2,1.507194,11,0.188099,0.226459,0,1,1,1,14
239,Spirochaetota,,009e6c7b3ae36605706cceed34eca3e6,Spirochaetota,M1,0,0,0.24646,28,22.035428,10,0.272462,0.356851,1369.42491,1,0.537037,203,21
240,Thermoplasmatota,,449b36422073c6203e0c4ac620bbfc9c,Thermoplasmatota,M1,0,0,0.015024,10,8.031832,13,0.159266,0.208395,33.382909,1,0.555556,25,16
241,Proteobacteria,,2a1d71d9fca92f9b3fc8f3126db076d0,Proteobacteria,M6,0,0,0.006485,10,7.965565,11,0.191282,0.227402,413.786915,1,0.333333,15,22
242,Asgardarchaeota,,0f1be1121dd04bc63b5ec4be0efc09b8,Asgardarchaeota,M3,0,0,0.012632,10,7.544322,7,0.249665,0.286787,3561.288933,1,0.222222,10,24
243,Actinobacteriota,,aa624cf1b7d36c8eec683c27df7d3556,Actinobacteriota,M1,0,0,0.356857,33,26.914119,11,0.232689,0.327262,449.759658,1,0.689394,364,16
244,Desulfobacterota,,3223db8ad52445e94b56dfb4af966919,Desulfobacterota,M4,0,0,0.010464,7,5.369823,12,0.176526,0.213751,12,1,0.761905,16,29
245,Spirochaetota,,075a3a11a7ce940fa98718b18d89b3a4,Spirochaetota,M1,0,0,0.035022,6,4.471513,9,0.24459,0.286315,1476,1,0.666667,10,21
246,Crenarchaeota,,25f855be36a1abc8a363392ddb4f23fb,Crenarchaeota,M8,0,0,0.006435,4,3.068799,12,0.165117,0.201932,8.465261,1,0.666667,4,31
247,Crenarchaeota,,cc957f2e853493d72875a6528ca83435,Crenarchaeota,M2,0,0,0.505485,29,22.720764,9,0.269899,0.352979,401.413623,1,0.667488,271,14
248,NB1-j,,a7b21ce117812085170d5562102da388,NB1-j,M2,0,0,0.00676,1,0.722335,11,0.179759,0.21466,0,1,0,0,14
249,Patescibacteria,,1be7b02857549471b14edc846f88a435,Patescibacteria,M5,0,0,0.003912,7,5.831111,5,0.34375,0.513636,48,2,0.52381,11,10
250,NB1-j,,40b2ccb7580291b18e9cd735cbd34928,NB1-j,M2,0,0,0.026338,1,0.722352,10,0.209315,0.253742,0,1,0,0,14
251,Chloroflexi,,074ec36dd5e51c4e327747ea68a7427d,Chloroflexi,M1,0,0,0.028532,12,9.734146,13,0.167565,0.229035,31.149917,1,0.530303,35,16
252,Patescibacteria,,c2e454a816ec8889ae71981d210ddb0e,Patescibacteria,M5,0,0,0.00192,3,2.318423,6,0.30137,0.410606,0,2,1,3,10
253,Aenigmarchaeota,,335f4d0fadc4230724856ede0476ca71,Aenigmarchaeota,M19,0,0,0.000347,1,0.734931,1,1,1,0,7,0,0,11
254,Nanoarchaeota,,26e55b90470fe3531d19d930d7c32637,Nanoarchaeota,M38,0,0,0.000347,1,0.726218,1,1,1,0,25,0,0,26
255,Hadarchaeota,,7988d3122c239af3302a7c07d48ecf6d,Hadarchaeota,M1,0,0,0.019168,10,7.822228,13,0.166518,0.221216,315.971101,1,0.288889,13,16
256,Thermoplasmatota,,7bdf315a34d442ae5002cf52de267c99,Thermoplasmatota,M1,0,0,0.017558,3,2.240611,13,0.166518,0.213575,372,1,0.333333,1,16
257,Proteobacteria,,68dcf15cf72d664988dfa199c25a10c5,Proteobacteria,M1,0,0,0.182602,30,23.213661,9,0.297448,0.378212,5732.713257,1,0.429885,187,21
258,Hydrothermarchaeota,,adf79620bb7ff456d897aac5ed745243,Hydrothermarchaeota,M3,0,0,0.002032,5,3.772488,12,0.121776,0.143404,1484,1,0,0,24
259,Proteobacteria,,7170ce6c7520acc3c13189478aea54a8,Proteobacteria,M2,0,0,0.380238,18,13.579706,9,0.266049,0.336472,425.31963,1,0.738562,113,14
260,Aerophobota,,f97b2db2de8f3fac6e1ec6b237a0cd04,Aerophobota,M1,0,0,0.035151,6,4.542981,12,0.18678,0.242939,207.105167,1,0.533333,8,16
261,Aerophobota,,a1b201a7d806843acb19c5b31fb669b6,Aerophobota,M25,0,0,0.000347,1,0.7503,1,1,1,0,26,0,0,36
262,TA06,,488d71899cf5900d9d98c4fc0b3331a1,TA06,M1,0,0,0.211572,21,16.674436,12,0.196213,0.274954,25.744683,1,0.733333,154,16
263,Actinobacteriota,,ba4b38aaf80e51bb342d85c0f582a498,Actinobacteriota,M4,0,0,0.057446,12,9.289549,10,0.259208,0.319943,637.228454,1,0.621212,41,21
264,Asgardarchaeota,,213c632c4064a2d08b169f3b3de0f5f3,Asgardarchaeota,M1,0,0,0.180085,24,18.798326,9,0.290498,0.362956,641.336189,1,0.648551,179,21
265,Acidobacteriota,,d9163fbf8d32a2909a3de59361aa1f51,Acidobacteriota,M1,0,0,0.353075,33,26.386886,11,0.231677,0.324804,285.254337,1,0.645833,341,16
266,Planctomycetota,,45d8ccf606557abb88cfc31031dd9fb6,Planctomycetota,M4,0,0,0.014903,9,6.677505,12,0.18502,0.226977,376.2603,1,0.694444,25,29
267,Crenarchaeota,,8f85dba78b94d121ff59ea8b01866e50,Crenarchaeota,M2,0,0,0.068229,8,5.929604,10,0.247512,0.29795,403.605559,1,0.392857,11,21
268,Chloroflexi,,9001e26c180df4ecbfff3be84dd1b333,Chloroflexi,M1,0,0,0.388777,37,29.853385,10,0.259208,0.353749,3862.196564,1,0.569069,379,16
269,Amorphea,,fbb86f2fcc3298efa2af7157c6f31c95,Amorphea,M5,0,0,0.002081,4,3.175888,4,0.431373,0.511364,153,2,0.166667,1,10
270,Proteobacteria,,b9c5ec5c9ffe8cb8d1998232dfaf334a,Proteobacteria,M11,0,0,0.001196,3,2.42516,2,0.8,0.875,3,11,0.333333,1,12
271,Aerophobota,,cb605d0d59302df296520efdd6a617b5,Aerophobota,M1,0,0,0.381385,38,30.337899,10,0.265859,0.362035,2864.572007,1,0.522048,367,16
272,Proteobacteria,,43a0d21161c9bbce3f1a595217fd135f,Proteobacteria,M2,0,0,0.106288,5,3.757315,10,0.211811,0.265493,0,1,1,10,14
273,Nanoarchaeota,,9068ba514bd4ef748f0ac11394801657,Nanoarchaeota,M9,0,0,0.000939,2,1.499877,3,0.545455,0.638889,0,19,1,1,32
274,Chloroflexi,,8c7f0b3365174e7f0c5fce794e51e19e,Chloroflexi,M4,0,0,0.000394,1,0.756109,14,0.128003,0.137896,0,1,0,0,29
275,Hydrothermarchaeota,,79dbe71a54ccce6fd06517669fcafc41,Hydrothermarchaeota,M3,0,0,0.001666,4,3.033153,12,0.121697,0.141617,748,1,0,0,24
276,Crenarchaeota,,22f2a5e59c49df359a19d4f44131ec13,Crenarchaeota,M1,0,0,0.338824,36,28.080882,10,0.27548,0.370703,4898.535461,1,0.474603,299,21
277,Bacteroidota,,6b9d4edeb46be5aedaf5e28bdcecb414,Bacteroidota,M2,0,0,0.022853,2,1.498376,10,0.203159,0.241173,0,1,1,1,14
278,Planctomycetota,,b58df994dfce0ac9cb7b6f533bda1792,Planctomycetota,M3,0,0,0.001235,2,1.474113,11,0.137842,0.15866,1820,1,0,0,24
279,Nanoarchaeota,,d3e171e46bdc4d334bd10c209eec3af1,Nanoarchaeota,M14,0,0,0.00115,3,2.315145,1,1,1,2,9,0.333333,1,2
280,Aerophobota,,4c633b65994d8de3c251a01501cfe163,Aerophobota,M1,0,0,0.018864,8,6.320201,13,0.16719,0.223226,351.900734,1,0.428571,12,16
281,Chloroflexi,,98c434e57224738e5a6d8d0697008845,Chloroflexi,M1,0,0,0.278007,25,19.273969,11,0.220972,0.301378,358.341419,1,0.773333,232,16
282,Gemmatimonadota,,48e43bf207f547fa720ee0d4064d8807,Gemmatimonadota,M1,0,0,0.006576,1,0.735549,10,0.223755,0.253009,0,1,0,0,21
283,Desulfobacterota,,e4c72e8b3bc076ebb20eef8d945502bc,Desulfobacterota,M22,0,0,0.000347,1,0.740961,1,1,1,0,27,0,0,34
284,Proteobacteria,,57a236e8a737242b69050847811d5ec7,Proteobacteria,M1,0,0,0.148537,26,20.450877,10,0.271076,0.352785,3351.395656,1,0.430769,140,21
285,Patescibacteria,,f73f360cc2b51fc47c3545b10f347ef2,Patescibacteria,M3,0,0,0.001833,3,2.237617,11,0.13774,0.159643,123.333333,1,0.666667,2,24
286,Nanoarchaeota,,a634be79f5aca9b59b783cf121c9a1aa,Nanoarchaeota,M29,0,0,0.000347,1,0.772032,1,1,1,0,14,0,0,13
287,Crenarchaeota,,709d979141c126dca40e1a9920010683,Crenarchaeota,M7,0,0,0.001868,3,2.256214,13,0.143241,0.171281,372,1,0.333333,1,6
288,Acidobacteriota,,d9aaee29fcf417e3770f6247b978a4d9,Acidobacteriota,M1,0,0,0.035922,6,4.517789,10,0.255305,0.301129,26.663197,1,0.666667,10,21
289,Desulfobacterota,,7e6b8171435fbe9e3ff19dc210454538,Desulfobacterota,M1,0,0,0.387855,40,32.104932,11,0.234296,0.338433,1354.862277,1,0.539744,421,16
290,Proteobacteria,,5e07a7054641eb38ea9f40463984aad3,Proteobacteria,M2,0,0,0.232967,11,8.154006,10,0.227162,0.290395,5.52488,1,0.872727,48,14
291,Patescibacteria,,71cfacfa571ee56e1dc98c423c89525c,Patescibacteria,M18,0,0,0.00039,1,0.777422,2,0.666667,0.75,0,4,0,0,18
292,Thermoplasmatota,,b328be5c30454efe44f5dad6ec3e887c,Thermoplasmatota,M5,0,0,0.002563,4,3.350191,6,0.268293,0.399242,0,2,1,6,10
293,Crenarchaeota,,026f8ce7315088998fa35dd138534a04,Crenarchaeota,M2,0,0,0.651832,32,24.36189,9,0.25671,0.346098,158.85127,1,0.701613,348,14
294,Patescibacteria,,e19a19e7784df2d21991321b9b451568,Patescibacteria,M1,0,0,0.000977,1,0.741832,14,0.142802,0.168858,0,1,0,0,16
295,Crenarchaeota,,0ada1bc0151565223ff07a828277054b,Crenarchaeota,M2,0,0,0.867402,51,40.562265,9,0.264539,0.380191,1639.960013,1,0.471373,601,14
296,Nanoarchaeota,,9885d3ba67cb743178fb2bcf5c20d6e7,Nanoarchaeota,M3,0,0,0.001695,3,2.29895,11,0.137082,0.156426,116.833333,1,0.666667,2,24
297,Chloroflexi,,24b8a505e646f12c3c3ab28d8ed47360,Chloroflexi,M1,0,0,0.144631,13,9.742043,11,0.212294,0.274488,16.616812,1,0.769231,60,16
298,Proteobacteria,,b4cd6c8ff4e08a281c3bdb05a41664b4,Proteobacteria,M2,0,0,0.264869,12,8.942585,9,0.248667,0.311335,5.121728,1,0.863636,57,14
299,Planctomycetota,,2f8e971e4d37e5fe11bb8c55f0e8cbe3,Planctomycetota,M4,0,0,0.042644,19,14.78351,11,0.224699,0.290392,1292.670095,1,0.508772,87,29
300,TA06,,ce655fec7eaa0762e46c2856b6d925b9,TA06,M1,0,0,0.001713,1,0.722286,11,0.19089,0.212558,0,1,0,0,21
301,Schekmanbacteria,,a55a8d2fa80686ea45a66affa5c409f5,Schekmanbacteria,M4,0,0,0.003579,3,2.199729,12,0.176026,0.207719,742,1,0.333333,1,29
302,Proteobacteria,,dfb6c96c890e7e5ba2443685f76caf33,Proteobacteria,M1,0,0,0.007354,1,0.761825,10,0.229397,0.261147,0,1,0,0,21
303,Calditrichota,,0dfc4c6de6ac182a9d718ad4c703ed54,Calditrichota,M1,0,0,0.00792,1,0.733453,10,0.229821,0.263394,0,1,0,0,21
304,Proteobacteria,,3c0c6d98b2ecbd73fcfa2622eaef7686,Proteobacteria,M2,0,0,0.051619,2,1.48655,10,0.217239,0.261968,0,1,1,1,14
305,Crenarchaeota,,cc9a48d00f31bd512a15d759c48318f1,Crenarchaeota,M2,0,0,0.04382,2,1.466038,10,0.209551,0.255529,0,1,1,1,14
306,Proteobacteria,,506a05e587edea97f4ee40c0cce93347,Proteobacteria,M4,0,0,0.007151,8,5.880829,11,0.206763,0.246935,2284.076365,1,0.178571,5,29
307,Asgardarchaeota,,7eba240627de4c866e838394a8a76ce5,Asgardarchaeota,M16,0,0,0.000699,2,1.500724,1,1,1,1,13,0,0,15
308,Aerophobota,,146521df100c7b2442e318ca39450e5c,Aerophobota,M1,0,0,0.063815,17,13.592569,12,0.187249,0.257269,453.283749,1,0.338235,46,16
309,Nanoarchaeota,,4118941cc73818f86e7138b7f2735af2,Nanoarchaeota,M5,0,0,0.001888,3,2.287435,4,0.392857,0.469697,112,2,0.333333,1,10
310,Planctomycetota,,ce3c0c3f9f8975745f5249d95822471e,Planctomycetota,M4,0,0,0.031919,16,12.536281,11,0.212415,0.271102,518.215874,1,0.583333,70,29
311,Bacteroidota,,92fd765a416f189e16ec4e30b1031c89,Bacteroidota,M8,0,0,0.006128,2,1.543896,12,0.166816,0.205104,17.055429,1,0,0,31
312,Patescibacteria,,968033cea6395b878a254fe38d248bf3,Patescibacteria,M3,0,0,0.000498,1,0.728399,13,0.108493,0.120539,0,1,0,0,24
313,Aenigmarchaeota,,cbed4d063dec2153d67af3114d7fcf9a,Aenigmarchaeota,M4,0,0,0.000898,2,1.464617,13,0.149859,0.169367,372,1,0,0,29
314,Chloroflexi,,0f5a2c9b6e3d73dc261f634e58eb5706,Chloroflexi,M16,0,0,0.00039,1,0.736629,2,0.666667,0.75,0,13,0,0,15
315,Hadarchaeota,,9be0f43be4ed7540287d61648a68783e,Hadarchaeota,M5,0,0,0.00182,3,2.260464,6,0.30137,0.410606,0.583333,2,0.666667,2,10
316,Proteobacteria,,305accf3e4c40beb50b38a020ff33135,Proteobacteria,M2,0,0,0.565481,26,19.806496,9,0.252197,0.333006,11.091484,1,0.830769,270,14
317,Proteobacteria,,c84317820b3f4d682e296fab643d2550,Proteobacteria,M2,0,0,0.279391,20,15.445835,10,0.2198,0.300793,629.619246,1,0.721053,137,14
318,Aerophobota,,787b70b6eecfa8c70329c822ef469070,Aerophobota,M1,0,0,0.348756,34,27.689008,11,0.223353,0.317017,343.436111,1,0.636364,357,16
319,Asgardarchaeota,,a184e81780b60d021b23943ca7f9c314,Asgardarchaeota,M1,0,0,0.002593,2,1.624465,14,0.143627,0.176052,0,1,1,1,16
320,Crenarchaeota,,8565ac3cc782405edd232dab145cd848,Crenarchaeota,M1,0,0,0.005474,1,0.755032,10,0.207568,0.235321,0,1,0,0,21
321,Desulfobacterota,,ebd8f21f43e971924c6a891bc5d6b8e4,Desulfobacterota,M1,0,0,0.199507,19,14.567652,12,0.195084,0.268922,305.356922,1,0.760234,130,16
322,Nanoarchaeota,,57361b43d351c75a10b911142eedb371,Nanoarchaeota,M1,0,0,0.015906,5,3.678209,12,0.180892,0.230148,40.419734,1,0.2,2,16
323,Desulfobacterota,,7144bcca710e40f20f71eeaf36218106,Desulfobacterota,M5,0,0,0.001373,2,1.470161,6,0.261905,0.353788,0,2,1,1,10
324,Crenarchaeota,,ab9191b07517b99a40b7c4f6ec0bc818,Crenarchaeota,M1,0,0,0.150532,28,22.074103,8,0.2887,0.359776,4138.928313,1,0.42328,160,21
325,Crenarchaeota,,3b804cc3ff2d61090d4e6438f531d225,Crenarchaeota,M2,0,0,0.105893,13,10.049923,11,0.197459,0.26262,1991.751656,1,0.538462,42,14
326,Desulfobacterota,,65f714b5d2dbba10b5868c2001f97af0,Desulfobacterota,M1,0,0,0.161192,13,9.79151,11,0.226198,0.290935,5.752991,1,0.858974,67,16
327,Asgardarchaeota,,5e24ef69e70b236d98a1323f5c7dda0d,Asgardarchaeota,M1,0,0,0.181565,24,18.926448,9,0.2887,0.361347,1322.007637,1,0.601449,166,21
328,Hydrothermarchaeota,,fb937aa60aa6ed1d7d22d6e47b937664,Hydrothermarchaeota,M3,0,0,0.000492,1,0.746204,13,0.108525,0.12029,0,1,0,0,24
329,Actinobacteriota,,4bf7ab5df3ff25232185da700f0a96ff,Actinobacteriota,M1,0,0,0.022062,6,4.69025,13,0.166667,0.218088,268.525065,1,0.6,9,16
330,Thermoplasmatota,,6b99eb26286c993c96b2247699d69f32,Thermoplasmatota,M1,0,0,0.3584,34,27.818319,11,0.233271,0.329943,744.093587,1,0.654189,367,16
331,Crenarchaeota,,3382a5ed6cc1796ea1eb83d9707ccfd9,Crenarchaeota,M7,0,0,0.002462,4,3.034219,13,0.143351,0.173068,127.833333,1,0.333333,2,6
332,Crenarchaeota,,df68bdd1b0ec963847d4859b8f0a7ac7,Crenarchaeota,M2,0,0,0.674597,34,26.648261,9,0.254608,0.345964,66.631376,1,0.695187,390,14
333,Proteobacteria,,1bcb6f6f3eb6a0b5a3d8a309ad2add56,Proteobacteria,M6,0,0,0.005003,7,5.476729,11,0.190988,0.223381,164.423836,1,0.47619,10,22
334,Planctomycetota,,cf68e5794e5dcb7eff15da2553cf32c8,Planctomycetota,M4,0,0,0.030145,12,9.370253,11,0.223487,0.280115,855.966417,1,0.560606,37,29
335,Chloroflexi,,a0cf9bb5b37e965c90c49e3a6f08f567,Chloroflexi,M1,0,0,0.034262,10,8.287099,13,0.168094,0.228544,41.887382,1,0.644444,29,16
336,Proteobacteria,,2c87b2cb48cdaff05073c7efb5ab9c7f,Proteobacteria,M11,0,0,0.001196,3,2.311224,2,0.8,0.875,3,11,0.333333,1,12
337,Crenarchaeota,,06c258839d761f2d94b7ebcc54080271,Crenarchaeota,M2,0,0,0.001335,1,0.755614,11,0.180019,0.202138,0,1,0,0,14
338,Bacteroidota,,41396823fd60fc87fb242e82eebae652,Bacteroidota,M2,0,0,0.592002,33,26.118321,10,0.235777,0.331548,158.792327,1,0.653409,345,14
339,Crenarchaeota,,8b6d803f9987cf3bd6852b81b1ae5e90,Crenarchaeota,M2,0,0,0.322372,19,15.093797,10,0.229256,0.304024,40.243301,1,0.736842,126,14
340,Proteobacteria,,68da10d89ea5ceb3230f26188a1137bd,Proteobacteria,M2,0,0,0.019215,1,0.735143,11,0.19138,0.232682,0,1,0,0,14
341,NB1-j,,5a2e76e25adf522c7e6adaf836d42891,NB1-j,M2,0,0,0.005636,2,1.484596,12,0.165631,0.200278,0,1,1,1,6
342,Asgardarchaeota,,255fa16026a8df09a1543eb75cf43b44,Asgardarchaeota,M24,0,0,0.000347,1,0.746076,1,1,1,0,23,0,0,17
343,Crenarchaeota,,affee0c9eaff95dc7d0e600b94c9e092,Crenarchaeota,M2,0,0,0.008343,2,1.502411,11,0.190306,0.22429,0,1,1,1,14
344,Crenarchaeota,,230892ee28eb6b6d1a9ce90295c4d33c,Crenarchaeota,M2,0,0,0.153226,11,8.400665,10,0.226472,0.288385,190.936813,1,0.8,44,14
345,Crenarchaeota,,333a8232e18fb80198e82d48de2d3ce5,Crenarchaeota,M1,0,0,0.040711,8,6.225931,9,0.241894,0.283992,22.41334,1,0.75,21,21
346,Actinobacteriota,,fde43b9671722824752e64726266aeb1,Actinobacteriota,M3,0,0,0.003452,4,2.988784,8,0.206419,0.229848,94.147215,1,0.666667,4,24
347,Chloroflexi,,d68845b231647ff80435bf15c54836e0,Chloroflexi,M3,0,0,0.001783,4,2.924046,12,0.121657,0.142243,1113,1,0,0,24
348,Crenarchaeota,,2978e310d742cf29dd1f632c55b182eb,Crenarchaeota,M2,0,0,0.003373,1,0.816287,12,0.165044,0.197106,0,1,0,0,6
349,Desulfobacterota,,b56eaba4002f78cf3a84566ef49565ab,Desulfobacterota,M1,0,0,0.062995,13,10.057124,12,0.188194,0.255897,548.032004,1,0.397436,31,16
350,Myxococcota,,3b1bb844f1d1e44f4c24194235fa0680,Myxococcota,M1,0,0,0.04908,8,6.156439,9,0.258131,0.311009,615.155585,1,0.5,14,21
351,Nanoarchaeota,,79e44d7479448ca6b340e4a863dc300a,Nanoarchaeota,M1,0,0,0.008908,1,0.728568,12,0.1865,0.221781,0,1,0,0,16
352,Asgardarchaeota,,4b026a2376a28cd5aef141e02ae03d87,Asgardarchaeota,M3,0,0,0.001215,2,1.462251,11,0.137334,0.155845,4.666667,1,0,0,24
353,Hydrothermarchaeota,,4e922ee69a2360d9d3ef485199aa88f1,Hydrothermarchaeota,M35,0,0,0.000347,1,1,1,1,1,0,28,0,0,37
354,Crenarchaeota,,9dd083d2cf4d40fee9cb400529d492eb,Crenarchaeota,M1,0,0,0.058327,6,4.453655,10,0.243314,0.29133,8.076158,1,0.733333,11,16
355,Proteobacteria,,e6deb3fd688e233ae4189fa24200f26a,Proteobacteria,M9,0,0,0.001699,4,3.001061,2,0.75,0.833333,9,19,0.333333,2,32
356,Crenarchaeota,,7b82ac238c5e0582b8dc5c8cd91cc1d8,Crenarchaeota,M2,0,0,0.540415,32,24.795703,9,0.276092,0.363792,1150.674742,1,0.612903,304,14
357,Proteobacteria,,ecbcf8c563ebaa422a5874e6b2d01a46,Proteobacteria,M2,0,0,0.700506,38,29.622563,10,0.236375,0.338027,198.535447,1,0.625889,440,14
358,Nanoarchaeota,,d096542ac5d99cc2d73374b99dcc8d4f,Nanoarchaeota,M4,0,0,0.020785,10,7.56109,11,0.219929,0.27326,665.508624,1,0.533333,24,29
359,Asgardarchaeota,,6ff7e1740e429a267f14901513aa9735,Asgardarchaeota,M1,0,0,0.180653,22,16.924968,12,0.196626,0.277858,241.248801,1,0.549784,127,16
360,Nitrospirota,,b784791a0ffe00f6d9d6a29f94d116e1,Nitrospirota,M2,0,0,0.007008,1,0.764978,11,0.18585,0.217477,0,1,0,0,14
361,Crenarchaeota,,d38f7ae6425f83d165aff5c45cfc5c60,Crenarchaeota,M2,0,0,0.850004,50,40.365045,9,0.259388,0.372103,485.774793,1,0.484898,594,14
362,Crenarchaeota,,40084ff95f1340d97e35a97422840871,Crenarchaeota,M2,0,0,0.059369,9,6.826159,11,0.194982,0.253683,237.090026,1,0.444444,16,31
363,Thermoplasmatota,,5c86935536d83237335a379ae718c31f,Thermoplasmatota,M18,0,0,0.000699,2,1.579161,1,1,1,1,4,0,0,18
364,Asgardarchaeota,,505cf78e7bb07c3d8cdde2756c77f5bd,Asgardarchaeota,M1,0,0,0.134399,22,17.152879,9,0.261754,0.327889,554.608603,1,0.554113,128,21
365,Acidobacteriota,,f38b061a856db2f0a0c8d47b537859f0,Acidobacteriota,M2,0,0,0.018746,3,2.285768,11,0.188289,0.228246,372,1,0.333333,1,14
366,Hydrothermarchaeota,,06d396867a5a8d6f74fb515f974996b0,Hydrothermarchaeota,M3,0,0,0.000492,1,0.753175,13,0.108525,0.12029,0,1,0,0,24
367,Patescibacteria,,6277c359115e50706357a8c2e46e531e,Patescibacteria,M17,0,0,0.000699,2,1.587278,1,1,1,1,22,0,0,19
368,Aerophobota,,11818c8c0b8283cab7610dd4aaa3b649,Aerophobota,M1,0,0,0.230006,29,22.824027,12,0.198299,0.290593,844.282259,1,0.465517,189,16
369,Proteobacteria,,aa1c64b4c56fa8381cc95ad4258220d0,Proteobacteria,M2,0,0,0.527748,25,19.205038,10,0.232544,0.316445,27.804187,1,0.76,228,14
370,Crenarchaeota,,13548c6e9101687cc845979d63ec4294,Crenarchaeota,M2,0,0,0.654912,38,30.315988,9,0.254956,0.350432,172.668973,1,0.594595,418,14
371,Proteobacteria,,494afcc5e001b1c38defe04d3e545782,Proteobacteria,M2,0,0,0.762114,50,39.441304,8,0.305487,0.410376,13941.540285,1,0.40898,501,14
372,Thermoplasmatota,,086cbc8ac9f89f769c12a88c73fe90cd,Thermoplasmatota,M1,0,0,0.11024,13,10.063194,12,0.194069,0.259315,308.302066,1,0.512821,40,16
373,Patescibacteria,,a6af49880d019a9ca7740b9635bd0604,Patescibacteria,M37,0,0,0.000347,1,0.725949,1,1,1,0,24,0,0,20
374,Proteobacteria,,58e9981f2fa826397ae0b036f0aadaee,Proteobacteria,M5,0,0,0.000396,1,0.749978,7,0.207547,0.254221,0,2,0,0,10
375,Acidobacteriota,,7ccd93324c7b06b90aa3c225e066dd7e,Acidobacteriota,M2,0,0,0.12852,8,5.873336,10,0.260293,0.318472,110.367643,1,0.678571,19,14
376,Planctomycetota,,975d1d789cd42d99863eacf50ab1a8e7,Planctomycetota,M1,0,0,0.024396,2,1.473903,12,0.190598,0.235946,0,1,1,1,16
377,Crenarchaeota,,cf49ff3dd6a8eeb7f68d2d4770888341,Crenarchaeota,M2,0,0,0.316082,24,18.843282,10,0.217366,0.297933,205.880918,1,0.695652,192,14
378,Proteobacteria,,641a3a08a16a356443bfaa85ba21d246,Proteobacteria,M2,0,0,0.143355,6,4.540207,10,0.212415,0.269068,0,1,1,15,14
379,Planctomycetota,,ecd28f3d2ee6fd71f36a701c18584526,Planctomycetota,M5,0,0,0.001705,3,2.404441,7,0.252874,0.37619,0.75,2,0.666667,2,10
380,Patescibacteria,,32bb0d4a695abfb652b44168dd14f6f5,Patescibacteria,M5,0,0,0.003095,5,4.36976,6,0.275,0.429545,0.5,2,0.9,9,10
381,Asgardarchaeota,,ac7403669eea13f5a0c960cf9dfa8280,Asgardarchaeota,M1,0,0,0.32466,29,22.984235,11,0.231821,0.32123,273.465742,1,0.70936,288,16
382,Chloroflexi,,d511d36ba699e3dcff480d3bdd593c90,Chloroflexi,M17,0,0,0.00039,1,0.766927,2,0.666667,0.75,0,22,0,0,19
383,Crenarchaeota,,5d89868f1a1db1bc0b153eca96bbf7fd,Crenarchaeota,M2,0,0,0.441686,24,18.995379,9,0.267192,0.344515,252.701677,1,0.742754,205,14
384,Chloroflexi,,bafb8fca7ebe44571501a9bd5f889c77,Chloroflexi,M1,0,0,0.020943,3,2.27031,12,0.18438,0.230204,372,1,0.333333,1,16
385,Proteobacteria,,734ec08817fbce7330164c23f9ae347e,Proteobacteria,M2,0,0,0.003373,1,0.737983,12,0.165044,0.197106,0,1,0,0,6
386,Patescibacteria,,09f18db0e0f331399de2da8e27183882,Patescibacteria,M1,0,0,0.320354,34,27.288371,11,0.223621,0.319072,1148.035997,1,0.57041,320,16
387,Actinobacteriota,,7a5c548c68f1f59538973eaae73e5ae7,Actinobacteriota,M1,0,0,0.121106,16,12.721722,12,0.196213,0.270709,660.167545,1,0.591667,71,16
388,Asgardarchaeota,,8bc1a4b918116d5006bb7be1581490e3,Asgardarchaeota,M3,0,0,0.001961,3,2.217843,9,0.184471,0.209914,9026.666667,1,0,0,24
389,Chloroflexi,,9db7e0e735f9acbb7874b594ccad23f0,Chloroflexi,M1,0,0,0.242273,29,22.509071,10,0.269509,0.354081,789.02163,1,0.522167,212,21
390,Crenarchaeota,,356123c5ac7a6ea9a4dbb6077fa50cc8,Crenarchaeota,M2,0,0,0.575228,32,25.406254,9,0.25426,0.343506,460.210593,1,0.618952,307,14
391,Elusimicrobiota,,de9374c58cdf011ce31638c2b40bc46a,Elusimicrobiota,M1,0,0,0.01315,5,3.896934,13,0.166147,0.214513,12.684719,1,0.6,6,16
392,Firmicutes,,4c04bc65dfcce264afef069d91f833c9,Firmicutes,M6,0,0,0.002947,4,3.082538,11,0.181774,0.206956,0.533333,1,0.833333,5,22
393,Planctomycetota,,0d4139b2411e00aea1d3ec919c90466e,Planctomycetota,M5,0,0,0.001136,2,1.509815,7,0.247191,0.345887,0,2,1,1,10
394,Nanoarchaeota,,81d18c9e53261dd59091c930d6684d56,Nanoarchaeota,M28,0,0,0.000347,1,0.763964,1,1,1,0,20,0,0,23
395,Patescibacteria,,5aff347073212851359c07e7e1d92fdc,Patescibacteria,M3,0,0,0.001604,3,2.290579,12,0.121498,0.139562,0.5,1,0.666667,2,24
396,Patescibacteria,,107d1c9d14f4b2f63126759fc08d18ef,Patescibacteria,M3,0,0,0.003718,8,5.92595,10,0.158926,0.190703,6632,1,0.035714,1,24
397,Proteobacteria,,ab00970661a717d6c747e2a0246b7884,Proteobacteria,M2,0,0,0.295406,24,18.763146,10,0.217366,0.297933,236.666509,1,0.637681,176,14
398,Patescibacteria,,2855ac10c6dc4e70f01e68507bede6e6,Patescibacteria,M12,0,0,0.000523,1,0.749787,11,0.164825,0.178496,0,1,0,0,27
399,Desulfobacterota,,b893c5b12db914f794732a984dfb1c40,Desulfobacterota,M12,0,0,0.000523,1,0.738267,11,0.164825,0.178496,0,1,0,0,27
400,Proteobacteria,,c16b0b5dc33d19cc61d2a580e338819f,Proteobacteria,M4,0,0,0.010176,6,4.586814,12,0.176359,0.212187,0.571429,1,0.933333,14,29
401,Crenarchaeota,,4e8cbb2fffd67cfb2f8a28c8eca28c4f,Crenarchaeota,M2,0,0,0.0476,5,3.710262,10,0.203381,0.244882,7.696756,1,0.7,7,14
402,Nanoarchaeota,,3d36bf6fcbf0e74a7ccc1aef862be53d,Nanoarchaeota,M30,0,0,0.000347,1,0.784918,1,1,1,0,21,0,0,25
403,Myxococcota,,7237716757ba15229464105bd8611c9a,Myxococcota,M2,0,0,0.572477,32,25.433231,9,0.253914,0.342389,140.62973,1,0.641129,318,14
404,Planctomycetota,,5e97f2bb57d2c63e5013c5c5e196f964,Planctomycetota,M1,0,0,0.389792,40,32.030831,11,0.234296,0.338209,1380.982902,1,0.555128,433,16
405,Crenarchaeota,,937dc0c2ef68b79ba70588e7a5a78183,Crenarchaeota,M2,0,0,0.947032,58,46.745103,9,0.286043,0.407492,7462.753733,1,0.425892,704,14
406,Nanoarchaeota,,b67d60e4f0d93ee3fc9eac4a54f4829e,Nanoarchaeota,M38,0,0,0.000347,1,0.726218,1,1,1,0,25,0,0,26
407,Crenarchaeota,,ad9483ced0090233a0dfff7ace90c03d,Crenarchaeota,M2,0,0,0.08766,15,11.67049,11,0.197564,0.264854,2783.504642,1,0.32381,34,6
408,Myxococcota,,55bfe42c7fed51d5687a5aa176b1f1f9,Myxococcota,M8,0,0,0.000459,1,0.736151,13,0.140967,0.159676,0,1,0,0,31
409,Desulfobacterota,,e2dc65afae8c5cffad91f86bbb5be732,Desulfobacterota,M12,0,0,0.002756,4,2.954709,10,0.19725,0.222098,1113,1,0,0,27
410,Proteobacteria,,8fb5a38a048ccf8aed900902c44dd3b6,Proteobacteria,M2,0,0,0.020109,1,0.740068,10,0.206648,0.244894,0,1,0,0,14
411,NB1-j,,c90a441e855938f0bbad92e89f724690,NB1-j,M9,0,0,0.000445,1,0.738633,4,0.4,0.486111,0,19,0,0,32
412,Chloroflexi,,bea22d82f749abb0f189e724a44f6bed,Chloroflexi,M1,0,0,0.004588,4,3.105116,14,0.144294,0.182218,2.534652,1,0.5,3,16
413,Thermoplasmatota,,777dffbc3ffec5653ee0f74f3679f87e,Thermoplasmatota,M13,0,0,0.000742,2,1.535647,2,0.75,0.833333,2,8,0,0,28
414,Nanoarchaeota,,1609fec4064738f8576b4769fc5e4d11,Nanoarchaeota,M3,0,0,0.000401,1,0.777576,14,0.098029,0.107306,0,1,0,0,24
415,Planctomycetota,,17ca5a2a538b1886ae9a3d7afac02cc0,Planctomycetota,M4,0,0,0.048609,20,15.739068,10,0.245395,0.309309,2398.890511,1,0.421053,80,29
416,Proteobacteria,,9f7bd5e1f772d9810442602c39600182,Proteobacteria,M2,0,0,0.446899,24,18.418512,9,0.268345,0.344936,119.532751,1,0.775362,214,14
417,Amorphea,,84f901ec6fa0a4e40f1542e5884462cd,Amorphea,M10,0,0,0.000884,2,1.642142,2,0.666667,0.75,0,10,1,1,30
418,Aerophobota,,920aa9728ffb783cbc5721932cadda36,Aerophobota,M1,0,0,0.362242,39,31.737483,11,0.224834,0.325953,1284.457551,1,0.520918,386,16
419,Crenarchaeota,,67ab8dda38f8fbdfcb1cac1bf9f5b8a5,Crenarchaeota,M8,0,0,0.025289,9,6.752893,11,0.193364,0.247428,1058.819837,1,0.305556,11,31
420,Planctomycetota,,d017cca81653dbcea63172de7d1eb88f,Planctomycetota,M9,0,0,0.001251,3,2.273837,3,0.6,0.722222,5,19,0.333333,1,32
421,Proteobacteria,,368417c4f6681b5f2ff517261a2b8edc,Proteobacteria,M2,0,0,0.628213,36,28.367836,10,0.236525,0.336463,541.054317,1,0.601587,379,14
422,Acidobacteriota,,61779d53fd6c23500d54a5bc541bec46,Acidobacteriota,M2,0,0,0.478101,25,18.899719,9,0.269314,0.348064,367.242561,1,0.673333,202,14
423,Desulfobacterota,,94cdf2c6addd8558613617105909390c,Desulfobacterota,M4,0,0,0.00121,1,0.735782,13,0.156198,0.177632,0,1,0,0,29
424,Patescibacteria,,6881512710174bf1db96caa02ec0b1a5,Patescibacteria,M5,0,0,0.002923,5,3.979035,6,0.275,0.429545,21,2,0.6,6,10
425,Proteobacteria,,74464c2b16349886b03c633bfd6def1a,Proteobacteria,M6,0,0,0.003266,5,3.824508,12,0.161123,0.185129,6.895238,1,0.6,6,22
426,Planctomycetota,,40773ecb4e4d4a0f53ddf90c98f8a4f9,Planctomycetota,M3,0,0,0.03175,6,4.510755,7,0.261204,0.305241,5711.204859,1,0.4,6,24
427,Asgardarchaeota,,66d72bb8584ff4e8337ff12bdd28e792,Asgardarchaeota,M1,0,0,0.013578,2,1.495785,11,0.204496,0.241226,0.217961,1,0,0,16
428,Chloroflexi,,654e5b310349b947f8146e4b08a1dd62,Chloroflexi,M1,0,0,0.007613,6,4.738214,14,0.144182,0.184989,5.692141,1,0.6,9,16
429,Acidobacteriota,,1d12f6be78923902f3a3568a9f07d487,Acidobacteriota,M1,0,0,0.253844,32,25.448346,9,0.302269,0.38545,6072.38316,1,0.5,248,21
430,Proteobacteria,,6173b144a12a5f2aa2728cc04bee9642,Proteobacteria,M1,0,0,0.038929,9,7.027086,10,0.24817,0.299594,157.700709,1,0.5,18,21
431,Crenarchaeota,,2a7a76f6f3fabc1759b559e748f07792,Crenarchaeota,M2,0,0,0.691899,38,30.174275,9,0.25513,0.350879,107.619287,1,0.618777,435,14
432,Nanoarchaeota,,6be4712f7425790479e018ae5ede4349,Nanoarchaeota,M3,0,0,0.00049,1,0.732482,10,0.145533,0.155347,0,1,0,0,24
433,Crenarchaeota,,cb674972dc729dff54be4c5c403aff97,Crenarchaeota,M2,0,0,0.063002,7,5.204152,11,0.195595,0.250824,20.004737,1,0.47619,10,14
434,Crenarchaeota,,79ccbe24b575e802518e84414d7cb2a4,Crenarchaeota,M7,0,0,0.01144,9,6.960914,12,0.166816,0.214085,1866.234614,1,0.277778,10,6
435,Acidobacteriota,,a2969c62d7ffa339ce63dcaa15e9cf51,Acidobacteriota,M2,0,0,0.459922,26,20.289478,10,0.231677,0.316225,50.976876,1,0.732308,238,14
436,Aerophobota,,4839b117d0d3ac42b7b8c534922c6f27,Aerophobota,M1,0,0,0.010895,3,2.221093,13,0.165631,0.208347,3.136446,1,0.333333,1,16
437,Crenarchaeota,,169c2ee77f5dda72b6e218863b323421,Crenarchaeota,M1,0,0,0.337399,32,25.795562,11,0.223353,0.315229,394.537949,1,0.681452,338,16
438,NB1-j,,d0503f67602f4669da27d0259aba1ab7,NB1-j,M2,0,0,0.453086,23,18.019364,10,0.234149,0.31792,130.585009,1,0.731225,185,14
439,Hydrothermarchaeota,,08343991da5e5ef00e9f2d5ecb65daf5,Hydrothermarchaeota,M1,0,0,0.29922,28,21.665277,11,0.23096,0.317879,336.050561,1,0.65873,249,16
440,Proteobacteria,,2e859634e2b66cceaf71baf8e40a41e5,Proteobacteria,M11,0,0,0.000442,1,0.795216,3,0.5,0.583333,0,11,0,0,12
441,Crenarchaeota,,0ee56bcb302fc5215af4eaab9b8130e1,Crenarchaeota,M1,0,0,0.032562,3,2.286634,12,0.184107,0.229087,0,1,1,3,16
442,Proteobacteria,,43ce697739756d6c983dd655ed716760,Proteobacteria,M7,0,0,0.010008,6,4.782158,12,0.166518,0.209617,638.026036,1,0.4,6,6
443,Asgardarchaeota,,d6aefd0a6c00c7b2866de655eec74e73,Asgardarchaeota,M1,0,0,0.019266,4,3.021693,12,0.18098,0.229478,8.866857,1,0.5,3,16
444,Calditrichota,,28ad8077b828dd17efa81d5e45b0999f,Calditrichota,M4,0,0,0.000764,1,0.756473,12,0.166444,0.185678,0,1,0,0,29
445,NB1-j,,3fcb73dda8dc32700b6e80861602c52b,NB1-j,M1,0,0,0.009961,1,0.727092,10,0.23139,0.26461,0,1,0,0,21
446,Crenarchaeota,,6cf21e5179229f1178d007a2b01365ec,Crenarchaeota,M2,0,0,0.020917,2,1.521807,10,0.213265,0.250529,0,1,1,1,14
447,Acidobacteriota,,f68ff3baa97ab91d772f8c668673c3c6,Acidobacteriota,M1,0,0,0.179236,27,21.21349,9,0.291406,0.366907,1091.471002,1,0.541311,190,21
448,Proteobacteria,,d09373e62fa8e2c352e66992e51934a2,Proteobacteria,M5,0,0,0.000795,2,1.503808,6,0.258824,0.330303,21,2,0,0,10
449,Planctomycetota,,62634536f8d0b7698e20bca99a24697f,Planctomycetota,M20,0,0,0.000347,1,0.736099,1,1,1,0,18,0,0,33
450,Acidobacteriota,,82d4e122e21711f5256139d18a46f541,Acidobacteriota,M1,0,0,0.098439,13,9.920073,9,0.276912,0.33921,1513.823527,1,0.564103,44,21
451,Crenarchaeota,,3132f41db9e43913036e501bc3c873a9,Crenarchaeota,M2,0,0,0.720019,39,30.917302,9,0.261022,0.360977,521.18979,1,0.576248,427,14
452,Planctomycetota,,d50a2ffd8824c036f8fece75db7b8e35,Planctomycetota,M3,0,0,0.001059,1,0.753771,8,0.199893,0.216734,0,1,0,0,24
453,Desulfobacterota,,38da7d080de70b10507ab5d9afe3b2e0,Desulfobacterota,M3,0,0,0.001469,1,0.760102,8,0.207222,0.227547,0,1,0,0,24
454,Asgardarchaeota,,99ee69d875506c72ec00308c43158c13,Asgardarchaeota,M22,0,0,0.000347,1,0.740961,1,1,1,0,27,0,0,34
455,Crenarchaeota,,210686fed8a272a11655724cca2c2ac7,Crenarchaeota,M2,0,0,0.433172,28,22.374447,10,0.23139,0.318545,1139.097833,1,0.550265,208,14
456,Proteobacteria,,b6fd363983d020eb4512d3a23f853567,Proteobacteria,M4,0,0,0.010808,4,2.991976,11,0.215607,0.255789,34.142901,1,0.666667,4,29
457,Crenarchaeota,,0dcc0810a86ae20523c9427ddff82373,Crenarchaeota,M2,0,0,0.503851,34,26.75452,10,0.236976,0.336016,3083.702286,1,0.524064,294,14
458,Planctomycetota,,2281980536f3e3245fbeae51a1ff39e9,Planctomycetota,M4,0,0,0.000439,1,0.726657,13,0.142967,0.156629,0,1,0,0,29
459,Nanoarchaeota,,eed6f07ddd812dc414b9d1fe6f00da96,Nanoarchaeota,M4,0,0,0.00918,8,5.987113,11,0.199786,0.239486,408.296722,1,0.392857,11,29
460,Proteobacteria,,d0c56aa083aee0c52653479ef7baced7,Proteobacteria,M2,0,0,0.00676,1,0.728274,11,0.179759,0.21466,0,1,0,0,14
461,Caldatribacteriota,,984ef294013905418ee0f76ef94c3c44,Caldatribacteriota,M1,0,0,0.350637,33,26.530133,11,0.232979,0.328156,806.103524,1,0.672348,355,16
462,Thermoplasmatota,,d80ac6462699e1cfb437f1c70f3b4460,Thermoplasmatota,M15,0,0,0.001248,3,2.550071,1,1,1,0.5,5,0.666667,2,35
463,Proteobacteria,,8a9fb53fb47fa0c97654b82e5458871a,Proteobacteria,M1,0,0,0.035564,9,6.86104,12,0.187155,0.24763,241.170371,1,0.555556,20,16
464,Hydrothermarchaeota,,b8bea53adb5a9c507125037a84fdedb8,Hydrothermarchaeota,M34,0,0,0.000347,1,0.826359,1,1,1,0,29,0,0,38
465,Aerophobota,,ce85d57ae0020013c1008bd4e08ac474,Aerophobota,M25,0,0,0.000347,1,0.7503,1,1,1,0,26,0,0,36
466,Hydrothermarchaeota,,782dd3626f29658e40f26c22d62d8c35,Hydrothermarchaeota,M35,0,0,0.000347,1,1,1,1,1,0,28,0,0,37
467,Crenarchaeota,,077fd74e5937890222d342fa7dabefc6,Crenarchaeota,M1,0,0,0.033061,9,6.691759,10,0.235777,0.281191,395.860637,1,0.361111,13,21
468,Desulfobacterota,,f81df8277fab272ddc93b00a70646c5b,Desulfobacterota,M1,0,0,0.131709,14,10.638189,10,0.246042,0.30621,33.432367,1,0.725275,66,21
469,Hydrothermarchaeota,,ff24e87b77dd5b043b29de363ac23530,Hydrothermarchaeota,M34,0,0,0.000347,1,0.826359,1,1,1,0,29,0,0,38
470,Patescibacteria,,e00c72f0f82a5318023ae07bacd1f146,Patescibacteria,M3,0,0,0.003964,8,5.853083,11,0.138148,0.167686,2354,1,0.178571,5,24
471,Aerophobota,,0bf08973da329747d913d5c261f91944,Aerophobota,M1,0,0,0.239456,29,22.816112,9,0.299118,0.379042,4004.601678,1,0.53202,216,21
472,Proteobacteria,,7de3e9374544c242ac5106d69fb43713,Proteobacteria,M1,0,0,0.413596,36,27.696432,9,0.308264,0.398511,13870.313781,1,0.393651,248,21
473,Crenarchaeota,,891322ececee218fc1b6067a8a1e7421,Crenarchaeota,M2,0,0,0.229207,17,13.352579,11,0.198616,0.270886,21.949201,1,0.845588,115,14
